ID,CBSA,Alcohol,Marijuana,Heroine,Cokaine,Methaphetamine,Opiates,Patients,Metro_Areas,Total_population,Male_population,Female_population,Area_ID,Poverty_percent,Per_Capita,Agriculture_related,Construction,Manufacturing,Wholesale_trade,Retail_trade,Transportation_Warehouse,Information,Banking,Professional_Scientific_Management,Education_health_services
0,10180,145,69,77,31,61,100,324,"Abilene, TX Metro Area",167171,84591,82580,10180,18.1,22373,2611,4879,3480,1692,8785,3399,952,4411,4501,18954
1,10420,1392,1463,796,580,209,540,2445,"Akron, OH Metro Area",703017,340894,362123,10420,15,27823,1449,17150,54239,11674,40288,15046,5887,20682,31440,80973
2,10540,346,288,68,7,236,65,504,"Albany, OR Metro Area",118270,58605,59665,10540,19.5,21363,2341,3367,6789,1322,6702,2124,663,1895,3687,11051
3,10580,10134,7294,7134,5701,136,2734,18061,"Albany-Schenectady-Troy, NY Metro Area",875567,427575,447992,10580,11.5,32069,2685,24676,30089,9811,49928,17711,8947,29944,44268,117420
4,10740,561,243,249,179,54,503,1445,"Albuquerque, NM Metro Area",899137,442039,457098,10740,18.7,26144,5115,27195,23755,9181,45605,15492,7695,20595,51644,102100
5,10780,151,292,11,44,48,171,379,"Alexandria, LA Metro Area",154562,76386,78176,10780,20.2,21572,2108,3972,4840,1333,7318,2942,653,2839,4006,17899
6,10900,887,681,869,395,76,459,2325,"Allentown-Bethlehem-Easton, PA-NJ Metro Area",826260,403217,423043,10900,11.2,29397,2451,22455,57035,11947,46701,21852,8524,23730,37300,97784
7,11020,813,320,1780,100,23,518,3248,"Altoona, PA Metro Area",126708,61789,64919,11020,14.2,23785,901,3099,6803,1683,8441,3574,1008,2115,3965,15023
8,11100,179,159,2,45,115,16,273,"Amarillo, TX Metro Area",257038,128921,128117,11100,16.1,25274,3181,8717,12640,4057,15350,6802,1823,7834,9077,27885
9,11260,1116,631,335,177,315,232,1669,"Anchorage, AK Metro Area",392021,200776,191245,11260,8.7,34953,7863,14867,4042,4223,21154,14467,4211,9147,19155,44082
10,11460,653,361,341,350,10,201,1046,"Ann Arbor, MI Metro Area",351454,173390,178064,11460,15.2,34258,907,4904,18975,2652,15959,4859,3501,7790,19417,66582
11,11700,1096,758,135,360,451,743,2417,"Asheville, NC Metro Area",433204,209258,223946,11700,16,26023,2678,14219,21258,4436,25227,5590,2864,9920,19871,50605
12,12060,1011,983,57,572,21,32,1792,"Atlanta-Sandy Springs-Roswell, GA Metro Area",5455053,2649723,2805330,12060,15.7,28880,10389,160613,217957,82881,299911,165356,82491,183774,356302,496638
13,12100,1524,1335,2187,803,27,763,4881,"Atlantic City-Hammonton, NJ Metro Area",275325,133392,141933,12100,15.2,27411,539,7396,4867,2273,14062,4954,1729,6508,11131,28013
14,12420,1072,897,352,360,316,259,1991,"Austin-Round Rock, TX Metro Area",1835016,918393,916623,12420,14.9,32035,8173,69196,80861,21853,105100,30430,22970,64362,135079,194172
15,12540,872,1125,1022,105,1573,280,3221,"Bakersfield, CA Metro Area",857730,440712,417018,12540,23.4,20467,52688,19571,19053,9420,35099,16225,3329,12543,26016,63186
16,12580,7494,6948,9909,5576,41,3098,20426,"Baltimore-Columbia-Towson, MD Metro Area",2753396,1327121,1426275,12580,11,35613,5304,83837,76838,32317,140946,58375,28573,91484,186101,348475
17,12620,478,536,553,210,28,858,1457,"Bangor, ME Metro Area",153627,75770,77857,12620,16.9,24076,1531,4663,4234,1784,10503,3329,1115,3252,5145,24260
18,12700,2266,333,1777,323,10,696,4152,"Barnstable Town, MA Metro Area",215167,102541,112626,12700,9.7,36964,854,9665,3800,1931,13535,4106,2003,6698,12152,24983
19,12940,32,22,11,26,4,30,73,"Baton Rouge, LA Metro Area",814805,399508,415297,12940,17.5,26639,6120,36584,34732,9208,45247,17348,6338,21547,36680,88768
20,12980,1437,1163,162,362,98,276,2073,"Battle Creek, MI Metro Area",135150,66037,69113,12980,17.2,23202,699,2288,12295,896,7342,2598,539,2180,3895,12666
21,13020,273,247,70,70,7,177,514,"Bay City, MI Metro Area",107074,52661,54413,13020,15.6,24538,525,2320,6755,1390,6558,2194,779,1981,3429,11848
22,13140,433,454,24,294,192,191,1027,"Beaumont-Port Arthur, TX Metro Area",404741,204483,200258,13140,18.4,23976,3581,16400,22368,4291,20045,8481,2001,7035,14230,37775
23,13380,785,622,362,97,278,153,1136,"Bellingham, WA Metro Area",204855,101494,103361,13380,16.2,26671,3462,6064,10347,2261,11966,3844,1478,5206,9694,23093
24,13460,812,466,140,22,370,103,1150,"Bend-Redmond, OR Metro Area",163141,80452,82689,13460,15,28054,2201,4866,5965,1265,9300,2108,1967,4199,8414,14841
25,13740,709,508,20,22,310,131,921,"Billings, MT Metro Area",162892,79941,82951,13740,12.5,28823,3691,6590,4237,3536,11234,4903,1611,5421,7048,17358
26,13780,1601,1398,1161,721,158,721,3027,"Binghamton, NY Metro Area",249261,122423,126838,13780,16,25626,1131,6499,13420,3207,14704,4361,1556,5493,9576,32247
27,13820,311,297,14,105,126,102,519,"Birmingham-Hoover, AL Metro Area",1135534,546799,588735,13820,16.9,26706,6189,32805,47773,15749,58771,28005,12087,42253,49338,116586
28,14010,243,267,85,75,13,47,419,"Bloomington, IL Metro Area",188851,92232,96619,14010,14.5,30453,1294,3928,6989,1784,10570,3370,1323,19527,8164,24536
29,14260,489,434,100,36,475,104,948,"Boise City, ID Metro Area",639616,319467,320149,14260,15.6,24715,9040,19556,29044,8360,34072,13531,6919,17133,32165,64758
30,14460,21207,5539,26108,7670,132,4311,44645,"Boston-Cambridge-Newton, MA-NH Metro Area",4650876,2254371,2396505,14460,10.4,39572,7396,123110,211618,57341,250025,84133,62270,199325,353485,656473
31,14500,2926,854,381,215,383,198,3565,"Boulder, CO Metro Area",305166,153300,151866,14500,14.6,38524,1787,7443,17038,3805,15361,3803,5454,8094,31490,37338
32,14540,232,227,24,81,165,135,558,"Bowling Green, KY Metro Area",162322,79538,82784,14540,19.6,22803,1349,4258,12439,2003,10473,3484,1217,2552,5263,18560
33,14740,748,658,314,65,502,187,1154,"Bremerton-Silverdale, WA Metro Area",253614,128985,124629,14740,10.9,31901,782,6960,10816,1493,12396,4216,2214,4988,12745,23208
34,14860,8374,6383,6053,4467,43,2074,16698,"Bridgeport-Stamford-Norwalk, CT Metro Area",934215,454762,479453,14860,9.1,49688,1178,29210,38520,10850,48583,14251,13153,55651,71029,100357
35,15180,380,376,6,231,4,8,579,"Brownsville-Harlingen, TX Metro Area",415103,200279,214824,15180,34.8,14898,3655,10041,7614,3587,17826,7114,2645,6193,12042,45188
36,15380,11077,9327,5478,6469,142,5018,19036,"Buffalo-Cheektowaga-Niagara Falls, NY Metro Area",1135667,549332,586335,15380,14.5,28171,2815,24098,60597,14315,63379,25162,8505,39561,51564,149888
37,15540,1850,1500,1124,573,22,1031,3653,"Burlington-South Burlington, VT Metro Area",213891,104815,109076,15540,10.9,32562,1999,6721,13145,2206,13637,3899,2307,5682,11765,34154
38,15940,1678,1504,570,588,65,444,2624,"Canton-Massillon, OH Metro Area",403629,196036,207593,15940,15.1,24646,2209,10620,33142,5006,21823,8822,2828,9828,14995,44314
39,16300,1811,1437,102,198,506,196,2453,"Cedar Rapids, IA Metro Area",261429,129625,131804,16300,9.5,30337,2488,9036,23332,3811,17190,6679,3364,10457,12219,29441
40,16580,248,203,52,77,47,27,395,"Champaign-Urbana, IL Metro Area",234672,117053,117619,16580,20.8,26452,2503,4156,9199,3229,12066,4651,2569,5793,9310,43064
41,16620,271,187,48,22,32,151,434,"Charleston, WV Metro Area",225248,108888,116360,16620,16.1,26851,4574,5134,4377,2710,11458,5309,2266,5898,9696,24117
42,16740,1685,2466,332,741,92,784,4852,"Charlotte-Concord-Gastonia, NC-SC Metro Area",2298915,1117511,1181404,16740,15.3,28403,6330,70549,127170,37178,127344,58542,23885,104177,118294,212222
43,16820,682,503,67,236,35,144,1003,"Charlottesville, VA Metro Area",223063,107831,115232,16820,14.2,31911,1885,6726,4406,1618,9999,3184,1972,5799,12293,34404
44,16860,442,484,77,207,320,610,1240,"Chattanooga, TN-GA Metro Area",537397,260595,276802,16860,16.1,25315,1304,15601,34619,6090,27979,16682,4021,18580,21551,53335
45,16980,6650,5361,5597,3666,89,444,14232,"Chicago-Naperville-Elgin, IL-IN-WI Metro Area",9516448,4650729,4865719,16980,14.1,31488,15319,226654,557004,141618,484169,268023,100392,343570,572284,995107
46,17020,188,188,200,17,330,227,756,"Chico, CA Metro Area",221578,109745,111833,17020,21.5,24430,2813,4591,5147,1775,12105,2847,1579,4414,8798,25706
47,17140,1611,1585,2353,700,139,869,4547,"Cincinnati, OH-KY-IN Metro Area",2131793,1042464,1089329,17140,14.1,29008,4298,50708,142773,30673,121016,50520,17920,76341,112672,231698
48,17300,338,250,81,112,188,215,638,"Clarksville, TN-KY Metro Area",270751,136138,134613,17300,17.3,22109,1794,5491,13323,1662,13234,4804,1420,4507,7839,23387
49,17460,2593,2295,1621,1219,40,679,5457,"Cleveland-Elyria, OH Metro Area",2067490,995456,1072034,17460,15.5,28499,4354,44531,139382,27602,103153,41403,17626,72131,99775,245945
50,17660,125,105,44,13,134,50,246,"Coeur d'Alene, ID Metro Area",142783,70471,72312,17660,13,25190,1517,5848,5211,1686,9126,2512,1273,4573,6658,12594
51,17820,5415,1700,723,659,2246,560,8198,"Colorado Springs, CO Metro Area",669070,335926,333144,17820,12.3,29398,2499,20325,19898,5681,33282,11478,8165,18765,38105,63796
52,17860,845,812,141,201,372,182,1494,"Columbia, MO Metro Area",168268,81402,86866,17860,20.1,27098,781,3123,4041,1826,11762,2997,1995,6556,6681,32782
53,18140,3387,3395,2517,1892,147,1625,7197,"Columbus, OH Metro Area",1948188,957480,990708,18140,15.1,29145,6023,47395,88962,30468,116832,47285,21317,90454,104148,228120
54,18580,1372,1130,778,880,374,333,2917,"Corpus Christi, TX Metro Area",437528,215758,221770,18580,17.7,24762,8694,16818,13283,4609,23639,9833,2872,9801,15746,46893
55,19060,521,668,447,169,6,486,1368,"Cumberland, MD-WV Metro Area",101888,52096,49792,19060,17.7,20941,707,2787,4105,603,4671,2288,689,1807,2483,11021
56,19100,3009,3141,2197,1666,2140,1044,8354,"Dallas-Fort Worth-Arlington, TX Metro Area",6703020,3300766,3402254,19100,14.8,29766,43083,234970,333783,102054,372112,191447,81632,286771,406650,634490
57,19340,2264,1435,290,475,227,309,3008,"Davenport-Moline-Rock Island, IA-IL Metro Area",381913,187900,194013,19340,13.1,27674,2952,10708,32061,5176,21198,10328,3423,8941,14221,40833
58,19380,1595,1591,1343,857,65,513,3165,"Dayton, OH Metro Area",801259,387853,413406,19380,16.9,26345,1735,16605,49987,7735,42942,14087,7639,17421,36377,90021
59,19500,270,147,112,156,27,59,431,"Decatur, IL Metro Area",109833,52618,57215,19500,18.1,26259,878,2716,8440,1071,5662,3401,807,2282,3152,11296
60,19660,230,167,36,138,36,228,564,"Deltona-Daytona Beach-Ormond Beach, FL Metro Area",597824,290535,307289,19660,17.4,23935,2164,16127,14820,5183,35738,9393,4235,15510,25126,52052
61,19740,44905,11378,3841,3656,4796,2062,53314,"Denver-Aurora-Lakewood, CO Metro Area",2651392,1319273,1332119,19740,12,34173,19678,99626,92502,41548,147873,67629,50119,110301,201003,261306
62,19780,2334,1983,154,214,1094,701,3976,"Des Moines-West Des Moines, IA Metro Area",590741,290553,300188,19780,11.2,31342,4855,18958,25374,9502,34384,12726,7094,53299,31264,65461
63,19820,10451,6106,9425,5874,251,3759,22592,"Detroit-Warren-Dearborn, MI Metro Area",4292647,2081346,2211301,19820,16.9,28182,6939,81454,334221,46429,206734,77807,33810,116634,208552,426014
64,20100,317,397,382,148,5,363,738,"Dover, DE Metro Area",167477,80690,86787,20100,12.9,25259,1107,4862,6462,1155,11095,3466,919,3759,4602,18211
65,20260,1947,1549,566,127,1126,679,3298,"Duluth, MN-WI Metro Area",279894,140862,139032,20260,16.4,25992,4004,8111,10322,2640,15811,7626,1755,7588,8463,38411
66,20500,617,577,139,406,14,165,1399,"Durham-Chapel Hill, NC Metro Area",525050,252695,272355,20500,17.4,30945,2072,15987,19062,4546,21655,7333,4996,12842,33662,87839
67,20700,98,75,83,25,13,48,290,"East Stroudsburg, PA Metro Area",168342,83140,85202,20700,12.5,25266,778,3882,6820,2008,10199,4989,1488,4418,7291,17880
68,20940,111,198,79,7,62,8,353,"El Centro, CA Metro Area",177026,90736,86290,20940,23.4,16409,5643,3067,3252,1698,7728,4054,645,1993,3605,13666
69,21060,119,127,30,32,66,49,273,"Elizabethtown-Fort Knox, KY Metro Area",150917,75253,75664,21060,15.4,23879,996,3871,7714,1719,7543,3663,1286,2646,4616,13586
70,21340,639,642,135,367,53,38,1134,"El Paso, TX Metro Area",827206,403557,423649,21340,23.5,18684,3685,20144,23885,9172,38523,20947,6672,16146,30704,81949
71,21500,202,69,259,75,7,110,572,"Erie, PA Metro Area",280132,137955,142177,21500,16.7,24505,1356,5814,22297,2859,14896,4621,1762,6975,8155,35748
72,21660,709,451,227,17,361,121,1071,"Eugene, OR Metro Area",354764,174261,180503,21660,20.4,24720,3751,8217,14446,4900,19681,5624,3099,8193,15484,42619
73,21780,38,45,2,12,35,17,91,"Evansville, IN-KY Metro Area",313450,152404,161046,21780,14.8,25734,2283,8888,24630,3968,19375,7283,2730,7949,11367,35963
74,22020,712,520,60,46,346,119,1022,"Fargo, ND-MN Metro Area",218290,109607,108683,22020,12.7,29754,2977,8886,11089,5142,15545,5579,2077,9794,10511,33939
75,22140,133,65,16,11,51,7,156,"Farmington, NM Metro Area",127358,63149,64209,22140,21.5,21992,5914,3700,2192,1337,6587,3644,498,1796,3248,12231
76,22180,333,473,28,211,3,141,943,"Fayetteville, NC Metro Area",374036,182123,191913,22180,18,22647,990,7651,11466,1940,17780,5371,2171,5132,10003,37228
77,22220,368,314,29,23,264,335,749,"Fayetteville-Springdale-Rogers, AR-MO Metro Area",483396,240613,242783,22220,16.4,25291,4740,14505,32960,5805,41603,11025,2812,10132,20310,44881
78,22420,1996,1698,844,1081,79,637,3712,"Flint, MI Metro Area",418654,201815,216839,22420,21.2,22536,837,7774,23770,3895,21411,6871,2221,7560,12887,41598
79,22660,1637,1242,287,262,893,313,2677,"Fort Collins, CO Metro Area",311435,154964,156471,22660,13.7,31082,3856,10202,15319,3151,19160,5292,3189,8619,19655,39854
80,22900,292,230,2,5,201,143,514,"Fort Smith, AR-OK Metro Area",280394,138326,142068,22900,22,21237,4250,7282,19318,3000,13701,6452,1406,4680,6436,28406
81,23420,1946,2434,1599,338,2688,506,6402,"Fresno, CA Metro Area",948844,473427,475417,23420,27.4,20231,37906,19715,26361,14769,39967,17707,4811,18547,31004,85448
82,24020,869,682,317,310,6,345,1326,"Glens Falls, NY Metro Area",128298,64393,63905,24020,12.5,27335,1379,4925,7113,1175,8077,2248,949,3045,4286,14948
83,24140,1576,1290,123,641,61,619,3886,"Goldsboro, NC Metro Area",124093,60944,63149,24140,22.5,21818,3179,2586,7407,2321,5470,2011,841,1730,2670,11850
84,24300,1837,893,103,122,692,164,2395,"Grand Junction, CO Metro Area",147509,73346,74163,24300,15.8,26518,4882,4804,3515,1729,8859,3639,1308,4012,5845,15657
85,24340,4014,2592,1041,1362,234,1072,6800,"Grand Rapids-Wyoming, MI Metro Area",1007329,496824,510505,24340,14.2,25786,7339,24140,97695,18137,53772,16987,7352,26233,42665,108653
86,24660,983,1469,208,645,42,452,2949,"Greensboro-High Point, NC Metro Area",735777,353165,382612,24660,18,24619,2096,18226,56159,11976,41509,17111,5792,21544,29550,75274
87,24780,716,596,322,424,19,501,1721,"Greenville, NC Metro Area",172438,81322,91116,24780,24,23439,859,4394,8549,2052,9262,2341,1213,3699,5084,26198
88,25060,266,183,29,83,88,173,573,"Gulfport-Biloxi-Pascagoula, MS Metro Area",378972,187379,191593,25060,18.3,23006,2122,12582,17759,2933,19293,7595,1941,8453,11495,31139
89,25180,670,520,536,326,5,382,1357,"Hagerstown-Martinsburg, MD-WV Metro Area",256237,128750,127487,25180,13.5,26898,1389,7849,11015,3033,15040,7737,2692,8063,10335,25278
90,25220,3,1,2,2,1,3,98,"Hammond, LA Metro Area",124125,60214,63911,25220,21.7,21262,1381,4820,4930,1355,6979,2398,592,2538,3363,13366
91,25260,124,261,19,12,236,14,442,"Hanford-Corcoran, CA Metro Area",151390,84233,67157,25260,22.7,18518,8239,1900,4169,1384,4189,1856,444,1284,3089,10748
92,25420,494,343,354,160,13,132,1213,"Harrisburg-Carlisle, PA Metro Area",555154,271491,283663,25420,11.2,30404,2835,13962,22436,8421,32793,17088,3759,21614,27175,62465
93,25500,288,248,18,59,106,68,412,"Harrisonburg, VA Metro Area",128166,61377,66789,25500,18.8,23819,2198,4348,7772,1172,7505,2312,821,2678,4347,15941
94,25540,11618,7713,11063,7367,96,1909,25873,"Hartford-West Hartford-East Hartford, CT Metro Area",1215159,592094,623065,25540,10.7,35991,2075,30612,65768,15529,64058,23415,14364,64661,62723,160239
95,25620,82,52,9,38,33,60,163,"Hattiesburg, MS Metro Area",146370,70323,76047,25620,22.8,22269,1913,4149,6359,1490,8058,2727,484,3249,3877,18432
96,25860,543,394,40,144,104,357,1330,"Hickory-Lenoir-Morganton, NC Metro Area",363936,180006,183930,25860,18,21385,1728,8320,38684,5563,17131,7068,1529,5755,9786,34558
97,26380,16,22,15,7,3,10,39,"Houma-Thibodaux, LA Metro Area",209402,103596,105806,26380,16.5,24469,10473,7744,9065,2504,10957,6497,1080,4036,6009,17242
98,26420,3374,3770,342,2056,802,903,7513,"Houston-The Woodlands-Sugar Land, TX Metro Area",6204141,3083945,3120196,26420,16.3,29594,101337,260920,313237,105509,314158,174290,39767,168550,364515,581143
99,26580,332,328,123,55,48,445,819,"Huntington-Ashland, WV-KY-OH Metro Area",364514,178081,186433,26580,18.8,23326,2641,8490,13586,3701,20410,8437,3078,5726,10807,42381
100,26820,203,128,13,9,89,26,297,"Idaho Falls, ID Metro Area",136057,67788,68269,26820,12.8,22412,2592,4533,5447,1847,7768,2743,1119,2345,8092,12249
101,26900,547,503,828,305,193,315,1553,"Indianapolis-Carmel-Anderson, IN Metro Area",1931182,943352,987830,26900,14.6,27778,6039,52283,117877,29179,109245,53077,16514,62862,98876,205576
102,26980,1530,1231,112,176,932,250,2552,"Iowa City, IA Metro Area",158708,79081,79627,26980,16.4,30568,1733,3726,7450,1722,8411,3012,1524,4629,6878,34167
103,27100,375,361,186,87,56,167,708,"Jackson, MI Metro Area",159927,81870,78057,27100,17.5,22879,513,3435,12268,1551,7930,3142,877,3177,5208,14961
104,27140,530,640,94,270,189,155,1197,"Jackson, MS Metro Area",574998,275827,299171,27140,19.9,24311,3534,14545,21582,7127,28015,12127,5627,16313,21213,67664
105,27180,339,230,16,126,144,193,549,"Jackson, TN Metro Area",130233,61748,68485,27180,19.9,22360,812,3118,8076,1599,7029,2529,710,2242,4149,15090
106,27340,54,99,12,24,9,77,236,"Jacksonville, NC Metro Area",182921,98843,84078,27340,14.7,21583,752,4777,1912,749,8067,2470,975,2412,5064,12655
107,27620,502,451,110,79,228,88,997,"Jefferson City, MO Metro Area",150440,76821,73619,27620,13.3,24296,1748,5182,5675,1612,7351,3541,1501,4056,4861,15532
108,27740,443,307,20,120,49,497,932,"Johnson City, TN Metro Area",200271,97558,102713,27740,19.8,23720,738,5731,10540,1851,11176,3373,1447,4185,6712,26546
109,27780,236,183,214,50,7,217,735,"Johnstown, PA Metro Area",140835,69499,71336,27780,14.9,23191,1154,3372,5813,1564,6977,3499,871,3020,4346,17334
110,27860,153,99,1,13,52,21,233,"Jonesboro, AR Metro Area",124194,60689,63505,27860,22.1,22041,1847,4137,7219,1280,7093,2345,823,2587,2959,14490
111,27900,997,875,27,44,694,236,1620,"Joplin, MO Metro Area",175679,86090,89589,27900,16.8,22053,1598,4801,13771,2167,10488,4455,1914,3119,5884,17833
112,27980,676,771,14,61,477,160,1126,"Kahului-Wailuku-Lahaina, HI Metro Area",158887,79713,79174,27980,11.4,29505,2233,6369,2023,1471,9286,4343,933,5213,8249,13942
113,28020,1776,1241,963,465,495,1015,3618,"Kalamazoo-Portage, MI Metro Area",330439,162181,168258,28020,19.1,25049,3278,6446,26551,4017,17792,4730,1706,8395,12976,39395
114,28100,232,254,241,146,3,28,529,"Kankakee, IL Metro Area",112682,55288,57394,28100,15.9,24117,922,2923,7083,1770,5577,3227,570,2747,3008,13120
115,28140,5051,4374,411,1297,2368,911,8438,"Kansas City, MO-KS Metro Area",2040869,1000049,1040820,28140,12.6,30101,7492,60995,93532,32956,113550,53370,29233,82811,126483,223847
116,28420,614,519,47,101,283,99,782,"Kennewick-Richland, WA Metro Area",266561,135373,131188,28420,15.6,26182,9827,9500,10203,3310,13383,7457,1280,4388,16676,23211
117,28660,119,105,18,33,106,31,253,"Killeen-Temple, TX Metro Area",417887,207768,210119,28660,14.5,22657,1752,9755,8778,3537,19052,7212,2564,7366,13642,39733
118,28700,394,470,24,114,99,559,1031,"Kingsport-Bristol-Bristol, TN-VA Metro Area",308800,150108,158692,28700,17,23471,2327,8163,21961,2853,17536,6031,2206,5824,9238,30055
119,28740,1929,1106,1061,734,20,689,3184,"Kingston, NY Metro Area",181598,90391,91207,28740,12.3,30868,909,5603,5608,2098,11365,4210,1784,4464,7381,25060
120,28940,660,554,87,190,110,1102,1655,"Knoxville, TN Metro Area",847765,413867,433898,28940,16.3,25833,2667,25675,39063,11264,47949,19124,7782,20700,44176,88725
121,29100,49,24,2,4,6,1,61,"La Crosse-Onalaska, WI-MN Metro Area",135329,66561,68768,29100,13.7,26719,1318,3758,9969,2023,10118,2778,1524,3280,4632,20445
122,29180,34,24,7,22,10,33,86,"Lafayette, LA Metro Area",475457,231984,243473,29180,17.8,25781,26553,13639,17008,6656,25662,10448,3436,11359,18016,46440
123,29460,25,28,1,5,15,12,59,"Lakeland-Winter Haven, FL Metro Area",617323,302511,314812,29460,18.5,21157,5949,16576,15422,7550,35246,13158,3414,13614,24560,51683
124,29540,471,331,631,194,16,126,1459,"Lancaster, PA Metro Area",526839,257612,269227,29540,10.6,26892,6903,19603,42617,9494,31600,11707,3242,12600,19586,58070
125,29620,966,872,235,281,128,236,1488,"Lansing-East Lansing, MI Metro Area",467122,227730,239392,29620,17.7,26126,2605,8531,23919,3617,23041,8272,3804,15332,19104,59146
126,29700,274,344,185,263,13,16,626,"Laredo, TX Metro Area",259471,126201,133270,29700,32,14852,3828,5877,2177,3001,12687,12864,771,3990,7557,24384
127,29820,1795,1066,730,454,1567,491,4019,"Las Vegas-Henderson-Paradise, NV Metro Area",2003613,1005553,998060,29820,15.7,26040,3249,52877,28895,17052,108395,44222,15577,53497,100501,132656
128,30140,242,123,272,52,4,48,705,"Lebanon, PA Metro Area",135184,65974,69210,30140,10.9,27060,1736,3698,10213,2902,7482,2968,920,2996,4466,16028
129,30340,992,801,696,499,13,751,2052,"Lewiston-Auburn, ME Metro Area",107470,52634,54836,30340,16.1,24734,579,3487,5935,1226,8002,2063,1157,3547,4041,13921
130,30460,697,537,441,372,84,557,1653,"Lexington-Fayette, KY Metro Area",483997,237577,246420,30460,17.5,28216,7511,12302,26640,6105,27921,8718,3896,11686,23749,65585
131,30700,5741,1447,42,347,1090,307,6803,"Lincoln, NE Metro Area",310665,155778,154887,30700,14.6,27516,2626,10030,15896,3829,18922,7033,3944,13012,15120,43805
132,30780,963,684,41,294,482,416,1990,"Little Rock-North Little Rock-Conway, AR Metro Area",716849,347819,369030,30780,14.8,26222,4756,20724,25333,8900,40841,17170,9532,21552,29521,87018
133,30860,374,323,39,29,173,82,566,"Logan, UT-ID Metro Area",128807,64272,64535,30860,15.6,19945,2018,2931,11301,901,6776,1486,1168,2213,5479,15764
134,30980,221,253,7,79,140,63,508,"Longview, TX Metro Area",216746,108697,108049,30980,17.7,23400,7346,7579,11092,3260,11285,4654,1132,4286,7169,19226
135,31080,11052,10503,12982,3333,14080,2364,37238,"Los Angeles-Long Beach-Anaheim, CA Metro Area",13060534,6438759,6621775,31080,17.1,29506,30963,338409,672403,219303,651836,285477,230377,413795,767894,1224495
136,31140,2585,1863,3325,1330,735,1532,6467,"Louisville/Jefferson County, KY-IN Metro Area",1253305,611409,641896,31140,14.8,27488,4238,30819,78724,17805,64883,43880,11934,44506,54004,138104
137,31180,364,405,41,125,387,79,840,"Lubbock, TX Metro Area",298578,147529,151049,31180,20.2,24326,4376,9810,7355,5108,18651,5756,2669,8250,10841,41699
138,31460,242,215,22,22,300,14,508,"Madera, CA Metro Area",152452,73450,79002,31460,23.2,17797,10895,3034,4244,1145,5340,2633,882,1893,3346,9983
139,31700,606,451,604,280,23,400,1333,"Manchester-Nashua, NH Metro Area",402776,199502,203274,31700,8.6,34767,1282,14179,30878,6324,26449,9251,5208,15117,25902,47054
140,31900,23,21,9,14,1,16,51,"Mansfield, OH Metro Area",122813,62260,60553,31900,16.3,21959,474,2164,10533,1186,6236,2333,1015,2170,3755,11488
141,32780,322,309,106,8,270,101,606,"Medford, OR Metro Area",206583,100809,105774,32780,17.8,24460,2638,4429,7153,1985,12120,3679,1861,4326,7133,22708
142,32820,1330,1017,392,869,152,569,2551,"Memphis, TN-MS-AR Metro Area",1337014,641599,695415,32820,19.4,25191,3678,32253,59112,21246,67365,66451,8607,33096,55701,133619
143,32900,201,349,202,41,509,107,922,"Merced, CA Metro Area",261609,131899,129710,32900,25.6,18464,12422,5628,11002,3195,11031,4803,1264,3497,6115,20977
144,33100,1787,1463,538,1062,42,881,4174,"Miami-Fort Lauderdale-West Palm Beach, FL Metro Area",5775204,2800775,2974429,33100,17.3,27240,17770,170275,126001,99365,346828,152931,58628,205226,356415,546285
145,33260,141,250,8,85,81,26,396,"Midland, TX Metro Area",151483,75185,76298,33260,10.1,34596,15143,5896,3915,2743,8690,3662,1102,3631,5860,12974
146,33460,20963,13134,5000,3870,6435,4664,32930,"Minneapolis-St. Paul-Bloomington, MN-WI Metro Area",3424786,1692444,1732342,33460,10.6,34593,16366,86304,245718,55456,204161,81681,37221,155916,213726,419134
147,33700,453,627,665,35,1099,194,1901,"Modesto, CA Metro Area",522794,258618,264176,33700,20.3,21729,11348,14164,25104,8998,27939,10775,2563,7581,17604,44835
148,33740,27,22,2,22,28,14,62,"Monroe, LA Metro Area",177908,85575,92333,33740,24.8,21814,1957,4963,5690,1775,8878,3492,2147,5564,5167,19291
149,33780,134,97,136,64,2,91,321,"Monroe, MI Metro Area",150851,74367,76484,33780,11.8,26617,764,3620,13409,1752,7092,5092,921,2741,4960,15487
150,34060,115,83,24,15,5,45,168,"Morgantown, WV Metro Area",134052,69270,64782,34060,20.6,24884,3384,3514,4556,993,6873,2348,1123,1945,5829,20784
151,34100,69,61,3,14,13,78,130,"Morristown, TN Metro Area",115029,56361,58668,34100,19.6,21096,1029,3395,9554,1376,6490,2732,748,1835,2987,9538
152,34580,743,616,494,137,559,179,1321,"Mount Vernon-Anacortes, WA Metro Area",118364,58664,59700,34580,14.9,27598,1842,3807,6033,1402,6534,2117,579,2568,4261,10898
153,34740,798,537,352,273,33,389,1665,"Muskegon, MI Metro Area",171328,84953,86375,34740,20.3,21037,820,3075,16824,1505,7961,2253,626,2483,4651,16265
154,34820,62,144,52,27,1,30,323,"Myrtle Beach-Conway-North Myrtle Beach, SC-NC Metro Area",396187,192954,203233,34820,18.1,24709,1613,15199,7540,2952,26360,6267,2901,11228,15928,31142
155,34900,617,334,101,40,535,99,1118,"Napa, CA Metro Area",139253,69301,69952,34900,10.3,35092,4184,4012,8130,1702,7053,2196,1056,3745,6578,14404
156,34980,762,733,121,570,144,471,1636,"Nashville-Davidson--Murfreesboro--Franklin, TN Metro Area",1730515,843981,886534,34980,14.4,28521,6010,53888,85882,25076,99958,40346,23305,58845,88780,193603
157,35100,94,159,12,68,6,129,421,"New Bern, NC Metro Area",127820,64345,63475,35100,16.1,24296,1695,3071,5270,675,5428,2189,691,2035,3580,11962
158,35300,4191,3430,5050,3665,21,1767,11130,"New Haven-Milford, CT Metro Area",863148,416027,447121,35300,12.7,32794,1353,20071,49692,11864,45399,16204,9568,26456,37837,131871
159,35380,301,220,178,165,52,202,774,"New Orleans-Metairie, LA Metro Area",1226440,594380,632060,35380,18.7,27458,11369,47801,37715,16331,62686,32038,9180,31340,60940,125089
160,35620,120591,71611,79915,67125,1217,19843,219603,"New York-Newark-Jersey City, NY-NJ-PA Metro Area",19865045,9593127,10271918,35620,14.3,36078,19806,521468,572501,272122,996242,528813,312736,867004,1198859,2397470
161,35660,163,145,157,50,1,123,334,"Niles-Benton Harbor, MI Metro Area",155992,76101,79891,35660,17.6,24304,1248,3473,13292,1290,6917,4333,829,2779,5000,16570
162,35840,53,39,21,52,7,72,149,"North Port-Sarasota-Bradenton, FL Metro Area",722784,347156,375628,35840,13.2,30813,2843,20829,17963,6637,42224,9236,4637,21942,37171,63835
163,35980,4516,925,3018,926,9,629,8495,"Norwich-New London, CT Metro Area",274071,137029,137042,35980,9.1,34241,625,6990,17383,2179,14800,5253,1982,5708,11591,32449
164,36220,184,104,40,57,70,38,269,"Odessa, TX Metro Area",144932,72359,72573,36220,14.6,25726,8999,5909,5526,2665,7968,3778,765,2981,4427,11878
165,36260,1132,735,312,150,590,229,1543,"Ogden-Clearfield, UT Metro Area",614521,308872,305649,36260,9.9,24890,3356,16302,37145,7126,33385,11705,4810,16395,28319,56953
166,36500,647,651,329,68,302,289,1158,"Olympia-Tumwater, WA Metro Area",259330,126989,132341,36500,11.9,29909,1916,7177,6581,2487,13200,4982,1625,6226,10285,24996
167,36540,4256,1652,96,364,1310,546,5913,"Omaha-Council Bluffs, NE-IA Metro Area",886157,437880,448277,36540,12.3,29147,6139,30478,39425,12884,52725,25840,10754,43978,49075,108795
168,36740,468,267,346,357,26,337,1158,"Orlando-Kissimmee-Sanford, FL Metro Area",2226835,1088823,1138012,36740,16.2,24876,5561,60905,48911,26975,136030,51572,25601,70897,137236,200698
169,36980,238,275,17,39,204,90,522,"Owensboro, KY Metro Area",115795,56425,59370,36980,16.1,22909,1585,3294,8926,873,6410,2743,430,3251,2981,11994
170,37100,1129,1153,1668,222,1953,390,4194,"Oxnard-Thousand Oaks-Ventura, CA Metro Area",835790,414278,421512,37100,11.1,33308,20637,23225,40826,14367,44560,11965,10307,32725,47386,73625
171,37860,53,29,1,27,1,20,119,"Pensacola-Ferry Pass-Brent, FL Metro Area",462339,231649,230690,37860,15.4,25199,2074,12563,9540,4334,28200,9798,3493,13736,20363,44204
172,37900,1197,667,379,361,49,289,2123,"Peoria, IL Metro Area",380241,186017,194224,37900,13,28714,2758,9883,29845,4157,19756,7801,2930,10526,15487,44574
173,37980,6981,6180,9706,3930,172,3566,22211,"Philadelphia-Camden-Wilmington, PA-NJ-DE-MD Metro Area",6015336,2904546,3110790,37980,13.2,32850,16959,147584,262557,79233,315577,132662,58524,233997,345198,754923
174,38300,2550,1321,2220,769,15,587,6136,"Pittsburgh, PA Metro Area",2358793,1143001,1215792,38300,12.3,30272,13364,63988,116250,31990,133954,63308,20690,80940,117778,301372
175,38340,1968,649,1174,477,18,485,3153,"Pittsfield, MA Metro Area",130064,62674,67390,38340,12.7,30168,617,4348,5365,1006,7516,1779,1184,3077,5766,19679
176,38860,3131,1588,2054,786,39,1410,5553,"Portland-South Portland, ME Metro Area",518387,251688,266699,38860,11.2,32001,3263,16123,25846,6897,35168,9409,5520,21643,28996,71631
177,38900,4807,3173,2521,461,2878,822,8338,"Portland-Vancouver-Hillsboro, OR-WA Metro Area",2288796,1130354,1158442,38900,13.9,30560,14897,62004,141568,37595,126230,53931,22704,74122,129915,239201
178,38940,325,49,42,61,2,236,541,"Port St. Lucie, FL Metro Area",433646,212648,220998,38940,16.2,27481,2223,13090,8896,4095,25295,8520,2684,10246,19244,40213
179,39300,9703,4334,11818,5380,90,4076,22330,"Providence-Warwick, RI-MA Metro Area",1604317,776584,827733,39300,13.7,30218,3798,44165,86105,22604,99013,29583,12864,51057,73125,207144
180,39340,328,280,269,87,263,137,671,"Provo-Orem, UT Metro Area",550774,276831,273943,39340,13.8,20927,3055,14285,23901,5882,29735,6582,6120,12179,32962,64950
181,39380,1713,859,1098,460,1053,662,3735,"Pueblo, CO Metro Area",160757,79168,81589,39380,19.3,22229,931,4853,4986,1336,9031,2510,1268,2899,5547,17687
182,39580,742,957,176,470,18,309,2143,"Raleigh, NC Metro Area",1189579,580492,609087,39580,12.3,31468,3307,36829,57641,17977,65783,21034,15056,39967,93960,124478
183,39660,3805,872,38,98,412,146,4189,"Rapid City, SD Metro Area",139040,70360,68680,39660,12,27062,3038,5351,3837,1903,8290,2815,1291,4509,5384,16174
184,39740,665,459,505,276,56,129,1386,"Reading, PA Metro Area",413016,202883,210133,39740,14.3,26998,3938,10762,36360,6287,23376,9638,2542,11070,17142,45836
185,39820,561,461,406,23,956,235,1658,"Redding, CA Metro Area",178520,87692,90828,39820,18,23763,1603,5122,3675,1291,9270,3035,940,3842,6818,17566
186,39900,1156,569,258,99,731,171,1937,"Reno, NV Metro Area",433919,218257,215662,39900,15.6,28699,2197,13255,14283,6775,24144,11016,3640,12151,22684,39635
187,40060,1840,1898,924,961,33,542,3586,"Richmond, VA Metro Area",1234058,597984,636074,40060,12.3,30944,3601,37620,44264,15277,67918,30257,9793,57852,68073,137557
188,40140,3668,4364,3005,442,7423,827,13073,"Riverside-San Bernardino-Ontario, CA Metro Area",4345485,2161685,2183800,40140,18,22571,21510,130429,163790,59195,224951,111384,26032,88100,161786,365544
189,40220,1133,876,357,639,67,448,1968,"Roanoke, VA Metro Area",310934,150247,160687,40220,13.8,27505,1299,9133,15865,4478,18748,8262,2220,10949,12946,36929
190,40340,1461,894,199,169,641,182,2094,"Rochester, MN Metro Area",210004,103411,106593,40340,8.7,32950,3554,5950,11820,2051,10966,3913,1982,3910,7400,44686
191,40380,10516,9272,4189,6450,99,2241,17064,"Rochester, NY Metro Area",1082578,526377,556201,40380,14.6,28320,6313,24570,68553,12256,59641,16804,11379,26105,53676,153741
192,40420,495,523,260,204,9,105,952,"Rockford, IL Metro Area",346031,169591,176440,40420,16.6,24981,1387,7690,34044,4099,17377,9053,2531,7421,12011,34890
193,40580,31,112,13,34,1,12,203,"Rocky Mount, NC Metro Area",150953,71844,79109,40580,20.5,21060,1789,3962,10669,2193,7722,3019,966,3202,3858,13671
194,40900,2321,3020,2516,505,3582,1400,8569,"Sacramento--Roseville--Arden-Arcade, CA Metro Area",2197422,1076441,1120981,40900,16.1,29252,10561,59978,56875,24360,108948,42623,20345,70023,109966,215579
195,40980,951,772,393,345,43,615,1783,"Saginaw, MI Metro Area",197727,95723,102004,40980,18.1,22891,1000,3543,12516,2023,11011,3148,1308,4125,6359,20793
196,41060,1527,1181,275,133,908,398,2401,"St. Cloud, MN Metro Area",190708,95884,94824,41060,13.6,26152,3338,6752,14281,2751,13326,5018,1301,5388,7162,26335
197,41140,312,313,16,58,270,129,716,"St. Joseph, MO-KS Metro Area",127637,65456,62181,41140,15.7,22748,1219,3364,10365,1495,6482,2960,990,2933,3432,14067
198,41180,5251,5061,3764,1750,976,988,10186,"St. Louis, MO-IL Metro Area",2797737,1354888,1442849,41180,13.2,30024,9984,75478,148005,38861,153778,66326,28290,106930,143741,323692
199,41420,1039,631,172,32,597,145,1583,"Salem, OR Metro Area",396912,196306,200606,41420,18.7,22527,10327,9863,16011,3988,19805,5860,1833,8819,12975,39331
200,41500,367,284,303,133,575,76,1101,"Salinas, CA Metro Area",424927,218060,206867,41500,17.2,25048,29293,9753,8662,4923,18932,5532,2449,7055,15859,34474
201,41540,1404,1201,1099,621,8,501,2825,"Salisbury, MD-DE Metro Area",381868,186311,195557,41540,14.6,27353,3398,12658,14817,3890,22777,7345,2232,8579,13333,39466
202,41620,3737,2422,2235,1058,2822,721,7896,"Salt Lake City, UT Metro Area",1123643,564616,559027,41620,12.7,26516,5493,36179,59513,16414,64749,28940,13692,45490,69737,110647
203,41660,108,121,10,22,159,30,266,"San Angelo, TX Metro Area",115142,56746,58396,41660,16,24528,4151,2886,3591,1259,6402,1579,913,2557,4391,12914
204,41700,2115,1367,1319,850,791,349,4314,"San Antonio-New Braunfels, TX Metro Area",2239222,1101982,1137240,41700,16.6,25298,16318,76756,63085,24854,123110,43503,18566,86300,107404,231118
205,41740,5053,4737,4296,911,7159,919,14491,"San Diego-Carlsbad, CA Metro Area",3183143,1598266,1584877,41740,14.7,31043,13547,79839,132794,35449,156971,52708,32394,92523,205270,301293
206,41860,8737,4546,5194,4255,6563,1598,20527,"San Francisco-Oakland-Hayward, CA Metro Area",4466251,2202384,2263867,41860,11.3,42540,10661,115266,176208,54872,224919,101848,78187,173464,392615,478907
207,41940,3493,3081,611,661,4604,226,8239,"San Jose-Sunnyvale-Santa Clara, CA Metro Area",1898457,953276,945181,41940,10,42176,7494,48284,169756,21549,89476,24999,37374,43749,168767,170449
208,42020,387,448,376,55,501,159,1219,"San Luis Obispo-Paso Robles-Arroyo Grande, CA Metro Area",274184,139946,134238,42020,14.8,30392,4365,8617,7965,2592,15003,6075,2315,5564,13021,28672
209,42100,707,512,672,94,681,103,1694,"Santa Cruz-Watsonville, CA Metro Area",267203,132817,134386,42100,15.3,33050,7157,8655,11621,3281,14862,3162,2434,5508,15769,30919
210,42140,1051,168,150,48,106,82,1482,"Santa Fe, NM Metro Area",146361,71323,75038,42140,16.7,32454,793,4607,1911,893,7842,2200,1089,3945,10521,14951
211,42200,1055,1327,805,181,1203,205,3219,"Santa Maria-Santa Barbara, CA Metro Area",431555,216370,215185,42200,16.6,30526,17312,10687,14621,4578,20619,5900,4085,10079,22511,45680
212,42220,2700,1619,925,204,1959,590,4918,"Santa Rosa, CA Metro Area",491790,241329,250461,42220,12.3,33361,7048,17038,23385,6896,28881,7689,4380,15071,27441,49131
213,42340,86,79,3,45,6,14,161,"Savannah, GA Metro Area",361161,175399,185762,42340,17.4,25818,756,10437,16238,3544,19877,11052,2362,7778,14184,35913
214,42540,649,329,420,120,10,191,1393,"Scranton--Wilkes-Barre--Hazleton, PA Metro Area",562644,274978,287666,42540,15.2,25304,2063,13911,31894,8378,34264,14562,4890,14612,18882,66387
215,42660,7437,6470,4521,2057,3922,2157,13473,"Seattle-Tacoma-Bellevue, WA Metro Area",3557037,1773931,1783106,42660,11.7,36061,11555,99951,203426,51754,208603,84633,52065,105739,257981,364404
216,43300,53,86,1,12,43,14,152,"Sherman-Denison, TX Metro Area",121975,59446,62529,43300,15.8,24614,1575,4125,6986,1285,6473,1958,616,3949,4483,12175
217,43340,50,50,2,19,8,15,107,"Shreveport-Bossier City, LA Metro Area",445305,214469,230836,43340,19.4,24833,9377,12075,13073,5727,22286,10710,3327,9122,15188,49174
218,43580,1955,1601,18,150,965,160,2426,"Sioux City, IA-NE-SD Metro Area",168824,83243,85581,43580,13.3,24861,3136,4896,16380,2538,10012,4151,1439,4113,5748,18545
219,43620,3266,2128,70,311,967,552,4140,"Sioux Falls, SD Metro Area",238294,119056,119238,43620,10,28645,3093,8167,13157,4817,15890,5287,2615,15631,9274,33241
220,43780,301,237,36,64,64,74,436,"South Bend-Mishawaka, IN-MI Metro Area",318917,155212,163705,43780,17.1,23906,1057,6921,26270,4136,16092,5731,1931,7421,11163,39006
221,44060,2283,2075,909,333,1445,871,3830,"Spokane-Spokane Valley, WA Metro Area",533456,264771,268685,44060,15.9,25685,2997,13570,19590,8142,29193,11417,4110,15025,21578,60229
222,44100,433,553,185,224,69,102,884,"Springfield, IL Metro Area",211466,101566,109900,44100,14.6,30522,1471,4815,4810,2453,11311,4468,1805,8081,8638,27304
223,44140,3066,1284,4774,2095,20,931,7429,"Springfield, MA Metro Area",626775,299661,327114,44140,16.8,27179,1829,14271,30343,6886,33712,12085,5286,18744,22926,93176
224,44180,1734,1694,169,136,1419,539,2910,"Springfield, MO Metro Area",444728,217672,227056,44180,17.6,23233,2222,11138,17836,6352,28121,11035,4177,12362,17322,54475
225,44220,282,300,195,189,7,94,536,"Springfield, OH Metro Area",137303,66448,70855,44220,19,22941,632,2667,9462,2120,7158,2415,700,3481,3970,14935
226,44300,218,88,48,16,4,31,336,"State College, PA Metro Area",156240,81386,74854,44300,20.3,25803,1388,3575,5615,1077,7792,2354,1105,3371,6026,28050
227,44420,164,155,3,34,72,59,279,"Staunton-Waynesboro, VA Metro Area",119016,57860,61156,44420,13.2,25297,987,3476,7214,1265,8065,2958,1025,2079,4035,14060
228,44700,412,540,829,140,769,336,2110,"Stockton-Lodi, CA Metro Area",701050,348616,352434,44700,19.4,22642,14002,18682,26583,11810,33028,18367,4709,13525,26033,59060
229,45060,5838,4767,4871,3660,177,2804,11882,"Syracuse, NY Metro Area",662236,322275,339961,45060,15.4,27741,2736,16838,26616,9372,35977,15935,6153,18947,28120,91174
230,45220,249,16,5,19,3,34,325,"Tallahassee, FL Metro Area",373097,181853,191244,45220,23.1,24826,1551,8201,4428,2869,19767,5064,2759,9217,21685,43508
231,45300,1388,418,269,267,77,1783,3603,"Tampa-St. Petersburg-Clearwater, FL Metro Area",2851235,1380685,1470550,45300,15.7,27252,11410,75573,73484,35367,162466,54150,29798,119364,165597,278740
232,45780,443,455,158,168,1,141,803,"Toledo, OH Metro Area",608847,296204,312643,45780,19.2,25312,2229,12988,42896,7486,30796,15185,4359,12499,24018,73445
233,45820,338,321,10,55,324,71,584,"Topeka, KS Metro Area",234195,114490,119705,45820,14.6,26330,1752,7069,9352,2344,12648,5667,1964,7894,8755,28773
234,45940,952,868,605,456,6,236,2234,"Trenton, NJ Metro Area",369526,180915,188611,45940,11.7,38076,786,7265,14848,4971,16299,6933,4474,14486,24403,47023
235,46220,169,100,42,27,69,103,395,"Tuscaloosa, AL Metro Area",233692,112730,120962,46220,19.7,22349,2596,7280,12768,2259,11417,3816,1501,4578,6927,28815
236,46340,92,126,3,34,81,51,256,"Tyler, TX Metro Area",214735,103784,110951,46340,16.9,24924,3179,6779,8964,2770,12981,3872,1907,4736,7819,25451
237,46520,2372,2015,175,398,1983,252,4140,"Urban Honolulu, HI Metro Area",975690,492281,483409,46520,9.8,30735,3058,29783,14885,10862,53306,28000,7683,30292,44780,98881
238,46540,2357,2259,1663,1399,113,828,4536,"Utica-Rome, NY Metro Area",298273,148231,150042,46540,16.4,25196,1936,7109,14086,2338,14996,4989,1870,9822,9558,37914
239,46700,282,231,204,74,359,178,867,"Vallejo-Fairfield, CA Metro Area",421624,209901,211723,46700,13.1,29132,2828,12096,17169,5145,21791,10709,3304,11029,17144,41925
240,47220,674,508,332,273,9,159,1302,"Vineland-Bridgeton, NJ Metro Area",157429,81133,76296,47220,18,22425,1694,3630,7348,1904,7292,3268,573,2593,4867,17705
241,47260,2351,1909,815,1186,41,357,3864,"Virginia Beach-Norfolk-Newport News, VA-NC Metro Area",1697898,835329,862569,47260,12.2,29098,3600,49969,68911,16379,92788,32750,13838,44717,86569,172582
242,47300,859,1172,854,80,1349,333,3381,"Visalia-Porterville, CA Metro Area",451108,225881,225227,47300,27.4,17888,32994,8130,13217,7868,19287,7746,1358,6192,10655,34590
243,47900,13532,9039,4834,5368,159,2771,22043,"Washington-Arlington-Alexandria, DC-VA-MD-WV Metro Area",5863608,2859981,3003627,47900,8.4,43884,10721,193258,94070,39846,258113,110709,89117,188902,635770,601321
244,47940,1440,1068,90,193,597,179,2065,"Waterloo-Cedar Falls, IA Metro Area",168831,82533,86298,47940,14.6,25912,1936,4821,15514,2411,10158,3314,1165,5250,5597,21765
245,48060,636,650,304,266,54,199,1163,"Watertown-Fort Drum, NY Metro Area",118885,61515,57370,48060,15,23681,658,3078,2793,813,6560,1620,756,1802,3249,11091
246,48260,74,28,20,2,2,14,101,"Weirton-Steubenville, WV-OH Metro Area",122666,59449,63217,48260,16.5,23066,863,3178,6489,1081,6406,2917,710,2342,3559,14431
247,48540,165,128,51,28,3,76,266,"Wheeling, WV-OH Metro Area",146465,72574,73891,48540,15.3,24464,3694,3858,4532,1465,8628,3238,1089,3108,4312,17014
248,48620,1124,1212,55,288,732,300,2028,"Wichita, KS Metro Area",636095,314826,321269,48620,14.4,25848,4676,19641,56678,7504,31922,12841,5135,14667,23185,71375
249,48660,118,146,2,26,37,21,235,"Wichita Falls, TX Metro Area",151202,77698,73504,48660,16.1,23503,2423,3371,5921,1702,8258,2574,1327,3002,4761,16762
250,48700,61,25,59,15,3,11,176,"Williamsport, PA Metro Area",116676,57253,59423,48700,14.8,23531,1415,3228,8237,1314,6783,3223,701,2512,3946,13249
251,48900,873,708,511,264,10,468,2382,"Wilmington, NC Metro Area",263804,128367,135437,48900,18.1,28435,837,10183,8638,3406,15608,5159,2991,6555,14314,28458
252,49180,1582,1681,393,886,53,719,3532,"Winston-Salem, NC Metro Area",648045,311956,336089,49180,17.9,24978,2177,16875,44520,7733,31467,14043,4721,17413,26954,73072
253,49340,5269,2109,7874,2647,32,1547,13235,"Worcester, MA-CT Metro Area",924722,456142,468580,49340,11.5,31558,2905,26095,60272,12153,53741,18151,8666,28208,47976,125077
254,49420,1696,1414,506,264,972,274,2546,"Yakima, WA Metro Area",246402,123372,123030,49420,22.5,19861,15550,5038,7613,6146,11041,6115,1011,3486,5983,21529
255,49620,244,78,263,40,2,25,642,"York-Hanover, PA Metro Area",438052,216406,221646,49620,10.3,28454,2000,14905,37174,7526,25798,11255,3001,11170,18971,47053
256,49660,254,290,272,156,10,167,884,"Youngstown-Warren-Boardman, OH-PA Metro Area",559144,272275,286869,49660,16.9,23357,2356,13453,39670,6009,30616,11084,3730,10548,17954,61575
257,49700,142,160,226,17,396,195,730,"Yuba City, CA Metro Area",168126,84283,83843,49700,19.2,21984,5226,4750,3522,1435,8308,3240,741,2776,5154,13924
